OBJECTID,FIPS,COUNTY,STATE,POPULATION,SQMI,mean_price_30_night_NoNull,mean_price_1_night_NoNull,Point_Count_1_NoNull,Shape_Length,Shape_Area,mean_price_01,mean_price_02,mean_price_03,mean_price_04,mean_price_05,mean_price_06,mean_price_07,mean_price_08,mean_price_09,mean_price_10,mean_price_11,mean_price_12,mean_price_13,mean_price_14,mean_price_15,mean_price_16,mean_price_17,mean_price_18,mean_price_19,mean_price_20,mean_price_21,mean_price_22,mean_price_23,mean_price_24,mean_price_25,mean_price_26,mean_price_27,mean_price_28,mean_price_29,mean_price_30,mean_price_31,Point_Count
1,06073011300,San Diego,CA,6501,3.9,9236.9449,307.897764,2.66234,62336.03181,23835147.05,,,,,,,,,,,,,,,,,,,,,,,,,,,,,,,,0
2,06073007100,San Diego,CA,5013,1.12,8200.666667,273.3333333,3,44064.21075,31271636.81,273.3333333,273.3333333,273.3333333,273.3333333,273.3333333,273.3333333,273.3333333,273.3333333,273.3333333,273.3333333,273.3333333,273.3333333,273.3333333,273.3333333,273.3333333,273.3333333,273.3333333,273.3333333,273.3333333,273.3333333,273.3333333,273.3333333,273.3333333,273.3333333,273.3333333,273.3333333,273.3333333,273.3333333,273.3333333,273.3333333,273.3333333,3
3,06073009901,San Diego,CA,624,2.25,9236.9449,307.897764,2.66234,49877.68693,60623257,,,,,,,,,,,,,,,,,,,,,,,,,,,,,,,,0
4,06073006300,San Diego,CA,3424,0.74,9236.9449,307.897764,2.66234,29102.30933,20696494.73,,,,,,,,,,,,,,,,,,,,,,,,,,,,,,,,0
5,06073006500,San Diego,CA,2711,1.45,4055.6,135.2,5,41140.5928,40396965.93,149.8,157.6,126.6,123.6,115.6,138.4,168.8,202.2,200.8,164,125.8,152.4,129.6,127.2,128,132,109,112,108.6,119.4,118.8,129.2,130.2,116.8,123.8,130,131.4,141.4,175.2,186.6,155.2,5
6,06073006600,San Diego,CA,2009,0.2,2687,90,1,10783.574,5543284.734,97,102,78,78,79,79,80,103,103,80,80,80,78,79,90,97,90,78,78,78,78,98,99,79,80,79,79,80,90,103,90,1
7,06073009101,San Diego,CA,5190,1.07,9236.9449,307.897764,2.66234,26352.50515,29885085.76,,,,,,,,,,,,,,,,,,,,,,,,,,,,,,,,0
8,06073009102,San Diego,CA,3557,0.37,9236.9449,307.897764,2.66234,17745.58221,10374113.63,,,,,,,,,,,,,,,,,,,,,,,,,,,,,,,,0
9,06073009103,San Diego,CA,3691,0.68,3371,112,1,25213.3731,18949229.6,129,129,89,89,89,89,89,112,154,129,99,99,89,112,119,119,89,89,94,112,94,129,129,119,119,119,119,119,154,154,154,1
10,06073009104,San Diego,CA,2820,0.66,9236.9449,307.897764,2.66234,21001.80048,18578280.69,,,,,,,,,,,,,,,,,,,,,,,,,,,,,,,,0
11,06073006801,San Diego,CA,2608,0.26,9236.9449,307.897764,2.66234,12762.73106,7212182.882,,,,,,,,,,,,,,,,,,,,,,,,,,,,,,,,0
12,06073006802,San Diego,CA,4943,0.39,4704.5,156.5,2,20478.0908,11065635.71,142.5,156.5,126,126,156.5,126,126,142.5,156.5,126,156.5,126,156.5,126,142.5,146,151.5,151.5,151.5,151.5,151.5,217.5,217.5,217.5,217.5,168.5,156.5,168.5,217.5,156.5,156.5,2
13,06073006900,San Diego,CA,5249,0.7,9236.9449,307.897764,2.66234,18700.00113,19521425.74,,,,,,,,,,,,,,,,,,,,,,,,,,,,,,,,0
14,06073007002,San Diego,CA,2854,0.56,9236.9449,307.897764,2.66234,18710.00897,15624006.25,,,,,,,,,,,,,,,,,,,,,,,,,,,,,,,,0
15,06073007200,San Diego,CA,5589,1.07,9190,306,1,26311.86234,29356419.26,289,289,200,200,200,200,200,289,289,200,200,200,200,200,175,175,306,200,200,200,306,175,289,306,200,200,200,200,289,289,315,1
16,06073007301,San Diego,CA,5043,0.33,8157.5,272,2,12963.52181,8991445.638,272,272,272,272,272,272,272,272,272,272,272,272,272,272,272,272,272,272,272,272,272,272,272,272,272,272,272,272,272,272,272,2
17,06073007302,San Diego,CA,2051,0.32,8149,272,1,12388.43323,8957551.2,272,272,272,272,272,272,272,272,272,272,272,272,272,272,272,272,272,272,272,272,272,272,272,272,272,272,272,272,272,272,272,1
18,06073007400,San Diego,CA,6753,0.59,14533.5,484.5,2,18394.78943,16321313.3,540.5,540.5,540.5,540.5,540.5,540.5,540.5,540.5,540.5,540.5,540.5,484.5,484.5,540.5,540.5,540.5,508.5,540.5,540.5,540.5,540.5,508.5,540.5,540.5,540.5,540.5,529.5,540.5,540.5,540.5,508.5,2
19,06073007501,San Diego,CA,4114,0.39,11264,375.3333333,3,15049.59425,11004825.07,390.3333333,390.3333333,365.3333333,368.6666667,375.3333333,368.6666667,368.6666667,378,378,368.6666667,368.6666667,368.6666667,368.6666667,368.6666667,373.6666667,378,375.3333333,368.6666667,368.6666667,368.6666667,368.6666667,384.3333333,384.3333333,381.3333333,381.3333333,381.3333333,381.3333333,381.3333333,403,375.3333333,403,3
20,06073007502,San Diego,CA,3190,0.28,12724,424,3,12535.05332,7474395.06,438.6666667,458.6666667,424.3333333,427.3333333,424,422.3333333,425.3333333,432.3333333,432.3333333,423.3333333,422.3333333,422.3333333,419,422.3333333,426.6666667,432.3333333,410.3333333,410.3333333,410.3333333,410.3333333,415.3333333,426.6666667,426.6666667,419,416.3333333,411,416.3333333,416.3333333,432.3333333,424.3333333,424.3333333,3
21,06073007600,San Diego,CA,5591,3.8,11281.34783,376.0434783,23,209137.6722,104772188.3,375.8695652,376.7391304,373.4782609,373.0434783,372.8695652,373.9130435,376.4347826,379.0434783,379.4782609,381.3043478,377.3913043,373,374.0434783,372.6956522,376.6956522,377.8695652,372.826087,372.826087,372.6956522,372.826087,374.826087,377,377.8695652,376.7391304,377.6086957,376.4782609,377.6086957,377.6956522,380.2173913,376.6086957,382.1304348,23
22,06073007701,San Diego,CA,3703,0.22,9236.9449,307.897764,2.66234,14903.26253,6326895.71,,,,,,,,,,,,,,,,,,,,,,,,,,,,,,,,0
23,06073007702,San Diego,CA,3949,0.25,7328,244,1,14412.75332,6961441.918,244,244,244,244,244,244,244,244,244,244,244,244,244,244,244,244,244,244,244,244,244,244,244,244,244,244,244,244,244,244,244,1
24,06073007800,San Diego,CA,5873,0.78,5813.75,193.75,4,30488.60921,21622520.32,197.75,200,185.25,176.5,177,189.25,193.25,248.25,241.75,220,213.5,199.75,178.25,176,193.5,195.25,171.25,177.25,187.75,188.25,176,197.5,198,177.75,181.25,193.75,186.25,188.25,219,209,190.25,4
25,06073007903,San Diego,CA,4424,0.29,6805,226.5,2,12812.17999,8161975.302,225.5,225.5,209,222,222,217,225.5,225.5,226.5,222,226.5,222,222,225.5,225.5,212.5,217.5,225.5,225.5,225.5,221.5,239,239,239,225,229,216,280.5,280.5,289.5,226.5,2
26,06073007905,San Diego,CA,2593,0.21,8241.5,274.5,8,10683.42619,5954051.149,276.875,285.125,219.75,231.625,217.75,224,240.875,297.625,298.25,246.75,235.875,235.125,229,232.125,278.25,278.125,258.25,236.375,235.375,260.5,274.5,312.75,326.75,303.75,301.25,307.375,311.875,293.375,377.625,364.75,349.375,8
27,06073007907,San Diego,CA,3049,0.18,9236.9449,307.897764,2.66234,8922.768614,5079320.774,,,,,,,,,,,,,,,,,,,,,,,,,,,,,,,,0
28,06073007908,San Diego,CA,2825,0.18,9236.9449,307.897764,2.66234,8906.764964,4919473.635,,,,,,,,,,,,,,,,,,,,,,,,,,,,,,,,0
29,06073007910,San Diego,CA,2789,0.28,6170,206,1,14045.29168,7548921.186,206,206,206,206,206,206,206,206,206,206,206,206,206,206,206,206,206,206,206,206,206,206,206,206,206,206,206,206,206,206,206,1
30,06073008002,San Diego,CA,2599,0.42,8269,276,1,16447.68279,11731170.73,276,276,276,276,276,276,276,276,276,276,276,276,276,276,276,276,276,276,276,276,276,276,276,276,276,276,276,276,276,276,276,1
31,06073008003,San Diego,CA,3331,0.3,7356,245.3333333,3,11746.70206,8167038.545,254,275,228.3333333,239.6666667,224,228.3333333,234,281.6666667,266.3333333,245,228.3333333,228.3333333,228.3333333,228.3333333,265,249.6666667,236.3333333,225,225,225,236.3333333,278.3333333,243,260.6666667,260.6666667,258.3333333,258.3333333,253.3333333,288.3333333,253,268.3333333,3
32,06073008006,San Diego,CA,3912,0.37,9236.9449,307.897764,2.66234,17874.17822,10076571.49,,,,,,,,,,,,,,,,,,,,,,,,,,,,,,,,0
33,06073008102,San Diego,CA,3629,0.54,4035,135,1,20040.72821,15105421.71,169,169,119,129,129,129,129,169,169,129,129,129,129,129,135,169,129,129,129,129,129,158,169,135,139,149,149,149,199,199,149,1
34,06073008301,San Diego,CA,3113,0.91,9236.9449,307.897764,2.66234,25183.31155,25331301.74,,,,,,,,,,,,,,,,,,,,,,,,,,,,,,,,0
35,06073008311,San Diego,CA,2967,0.96,9236.9449,307.897764,2.66234,26921.79387,26736274.13,,,,,,,,,,,,,,,,,,,,,,,,,,,,,,,,0
36,06073008503,San Diego,CA,6674,1.42,9236.9449,307.897764,2.66234,29042.54667,39541042.36,,,,,,,,,,,,,,,,,,,,,,,,,,,,,,,,0
37,06073021400,San Diego,CA,7487,1.24,5233.090909,174.5454545,11,41564.42726,34673808.51,187.4545455,193.4545455,160,163.3636364,161.2727273,161.6363636,172.4545455,196.7272727,202.9090909,165,174.7272727,166.9090909,161.2727273,161.6363636,176.8181818,185.0909091,163.7272727,159,159.4545455,159.4545455,163.1818182,185.4545455,187.8181818,171.1818182,170.5454545,168.7272727,168,171.5454545,180.0909091,192.0909091,172.0909091,11
38,06073008333,San Diego,CA,15073,6.01,13397,446.5,2,65349.48285,167256722.2,446.5,446.5,446.5,446.5,446.5,446.5,446.5,446.5,446.5,446.5,446.5,446.5,446.5,446.5,446.5,446.5,446.5,446.5,446.5,446.5,446.5,446.5,446.5,446.5,446.5,446.5,446.5,446.5,446.5,446.5,446.5,2
39,06073008340,San Diego,CA,9304,0.89,9236.9449,307.897764,2.66234,20787.05163,24818112.2,,,,,,,,,,,,,,,,,,,,,,,,,,,,,,,,0
40,06073008344,San Diego,CA,3417,0.79,9236.9449,307.897764,2.66234,20082.889,21936948.38,,,,,,,,,,,,,,,,,,,,,,,,,,,,,,,,0
41,06073008502,San Diego,CA,6299,1.22,9236.9449,307.897764,2.66234,22977.94743,33969893.69,,,,,,,,,,,,,,,,,,,,,,,,,,,,,,,,0
42,06073008101,San Diego,CA,4062,0.45,10914.71429,363.8571429,7,15393.88666,12189889.59,365.4285714,365.4285714,358.5714286,358.5714286,358.5714286,358.5714286,358.5714286,365.4285714,365.4285714,358.5714286,358.5714286,358.5714286,358.5714286,363.8571429,368.8571429,368.8571429,358.5714286,358.5714286,358.5714286,363.8571429,358.5714286,371.1428571,371.1428571,364.2857143,364.2857143,363.8571429,364.2857143,364.2857143,363.8571429,386,375.7142857,7
43,06073008200,San Diego,CA,3094,0.51,9976.333333,332.6666667,9,18083.08449,13921282.04,333.4444444,334,307.8888889,310.2222222,308.3333333,309,326.5555556,349,349,324.1111111,330.5555556,316.4444444,313.6666667,309.2222222,335.3333333,335.3333333,325.8888889,309.6666667,323.5555556,312,311.5555556,330.1111111,340,324.1111111,319.6666667,325.2222222,325.2222222,325.2222222,377.5555556,375,383,9
44,06073008303,San Diego,CA,3483,1.71,21717.25,723.75,4,30129.2278,47678343.95,723.75,723.75,723.75,723.75,723.75,723.75,723.75,723.75,723.75,723.75,723.75,723.75,723.75,723.75,723.75,723.75,723.75,723.75,723.75,723.75,723.75,723.75,723.75,723.75,723.75,723.75,723.75,723.75,723.75,723.75,723.75,4
45,06073008305,San Diego,CA,10499,1.71,9236.9449,307.897764,2.66234,29487.5524,47633048.79,,,,,,,,,,,,,,,,,,,,,,,,,,,,,,,,0
46,06073008306,San Diego,CA,2951,1.06,9236.9449,307.897764,2.66234,24156.06825,29520136.96,,,,,,,,,,,,,,,,,,,,,,,,,,,,,,,,0
47,06073008307,San Diego,CA,3705,0.85,9236.9449,307.897764,2.66234,21878.6126,23497611.3,,,,,,,,,,,,,,,,,,,,,,,,,,,,,,,,0
48,06073008310,San Diego,CA,5549,2,14337,478,1,40613.67632,55731296.75,478,478,478,478,478,478,478,478,478,478,478,478,478,478,478,478,478,478,478,478,478,478,478,478,478,478,478,478,478,478,478,1
49,06073008312,San Diego,CA,3806,3.41,10083.14286,336.1428571,7,77844.50619,92828068.59,345.1428571,339.4285714,313.1428571,323.7142857,342.2857143,326.4285714,333.7142857,319.4285714,318,316.5714286,340.8571429,326.5714286,322.2857143,322.2857143,316.5714286,336.1428571,304.4285714,308,310.8571429,310.8571429,310.8571429,318,323.7142857,329.4285714,322.1428571,323.5714286,326.7142857,329.4285714,340.8571429,340.8571429,348.5714286,7
50,06073008313,San Diego,CA,2267,0.91,9236.9449,307.897764,2.66234,32302.51805,25625066.11,,,,,,,,,,,,,,,,,,,,,,,,,,,,,,,,0
51,06073008339,San Diego,CA,1780,4.59,9236.9449,307.897764,2.66234,69252.07167,127462574.1,,,,,,,,,,,,,,,,,,,,,,,,,,,,,,,,0
52,06073008341,San Diego,CA,8284,0.32,8070,269,1,17241.51872,8938867.68,259,259,259,259,269,299,319,389,389,389,359,279,279,234,269,249,209,209,209,209,189,189,189,269,199,209,234,209,269,219,269,1
53,06073008343,San Diego,CA,4661,0.3,9236.9449,307.897764,2.66234,12338.03136,8307944.604,,,,,,,,,,,,,,,,,,,,,,,,,,,,,,,,0
54,06073008361,San Diego,CA,2935,0.22,5639.5,187.75,4,12562.74358,6099941.87,186.5,191,189.75,196.5,201.5,210.75,210.75,215,213,206.5,204,201.5,189,192,180.25,176,168.5,173,171,180.5,173,168.5,168.5,187.75,180.5,189,191,182,191,189.5,204,4
55,06073008362,San Diego,CA,3130,0.34,9236.9449,307.897764,2.66234,16802.69934,9418471.098,,,,,,,,,,,,,,,,,,,,,,,,,,,,,,,,0
56,06073008363,San Diego,CA,5670,0.1,8989.75,299.75,4,7722.175392,2841328.364,312.25,312.25,299.75,312.25,312.25,312.25,312.25,312.25,312.25,312.25,299.75,312.25,312.25,312.25,312.25,312.25,312.25,312.25,312.25,312.25,312.25,307.5,312.25,312.25,312.25,312.25,312.25,312.25,312.25,312.25,307.5,4
57,06073008364,San Diego,CA,5120,0.38,9236.9449,307.897764,2.66234,19166.65299,10684959.11,,,,,,,,,,,,,,,,,,,,,,,,,,,,,,,,0
58,06073008501,San Diego,CA,5269,1.16,9236.9449,307.897764,2.66234,24815.42792,32401350.79,,,,,,,,,,,,,,,,,,,,,,,,,,,,,,,,0
59,06073010001,San Diego,CA,4167,0.82,9236.9449,307.897764,2.66234,30267.90462,21998089.28,,,,,,,,,,,,,,,,,,,,,,,,,,,,,,,,0
60,06073010003,San Diego,CA,5931,0.49,9236.9449,307.897764,2.66234,14900.25481,13896636.23,,,,,,,,,,,,,,,,,,,,,,,,,,,,,,,,0
61,06073010004,San Diego,CA,4739,0.54,9236.9449,307.897764,2.66234,20137.35692,15268256.5,,,,,,,,,,,,,,,,,,,,,,,,,,,,,,,,0
62,06073010005,San Diego,CA,7723,0.58,9236.9449,307.897764,2.66234,18329.44244,16159024.4,,,,,,,,,,,,,,,,,,,,,,,,,,,,,,,,0
63,06073010009,San Diego,CA,6759,1.57,9236.9449,307.897764,2.66234,31809.42312,43549619.27,,,,,,,,,,,,,,,,,,,,,,,,,,,,,,,,0
64,06073010010,San Diego,CA,5549,0.45,9236.9449,307.897764,2.66234,15271.21786,12424818.17,,,,,,,,,,,,,,,,,,,,,,,,,,,,,,,,0
65,06073010011,San Diego,CA,3665,0.34,9236.9449,307.897764,2.66234,13095.40624,9450575.524,,,,,,,,,,,,,,,,,,,,,,,,,,,,,,,,0
66,06073010012,San Diego,CA,4645,0.24,9236.9449,307.897764,2.66234,11611.2652,6736791.564,,,,,,,,,,,,,,,,,,,,,,,,,,,,,,,,0
67,06073010013,San Diego,CA,5271,0.35,9236.9449,307.897764,2.66234,14984.0994,9901522.668,,,,,,,,,,,,,,,,,,,,,,,,,,,,,,,,0
68,06073010103,San Diego,CA,5713,1.19,9236.9449,307.897764,2.66234,47089.1695,30918882.06,,,,,,,,,,,,,,,,,,,,,,,,,,,,,,,,0
69,06073010104,San Diego,CA,3213,0.62,9236.9449,307.897764,2.66234,19664.14789,17323038.66,,,,,,,,,,,,,,,,,,,,,,,,,,,,,,,,0
70,06073010106,San Diego,CA,5252,0.52,9236.9449,307.897764,2.66234,16324.33683,14490216.38,,,,,,,,,,,,,,,,,,,,,,,,,,,,,,,,0
71,06073010107,San Diego,CA,6595,0.9,9236.9449,307.897764,2.66234,19668.21883,24883136.05,,,,,,,,,,,,,,,,,,,,,,,,,,,,,,,,0
72,06073010109,San Diego,CA,4594,4.98,9236.9449,307.897764,2.66234,57478.50744,138456950.4,,,,,,,,,,,,,,,,,,,,,,,,,,,,,,,,0
73,06073010110,San Diego,CA,7600,0.84,4171,139,1,23887.39839,23552040.28,139,139,139,139,139,139,139,139,139,139,139,139,139,139,139,139,139,139,139,139,139,139,139,139,139,139,139,139,139,139,139,1
74,06073010111,San Diego,CA,2981,0.23,9236.9449,307.897764,2.66234,11091.29131,6385333.976,,,,,,,,,,,,,,,,,,,,,,,,,,,,,,,,0
75,06073010112,San Diego,CA,4859,0.31,9236.9449,307.897764,2.66234,13350.3597,8511043.449,,,,,,,,,,,,,,,,,,,,,,,,,,,,,,,,0
76,06073010200,San Diego,CA,6815,3.07,9236.9449,307.897764,2.66234,18571.2005,711381.8111,,,,,,,,,,,,,,,,,,,,,,,,,,,,,,,,0
77,06073010401,San Diego,CA,2390,0.16,9236.9449,307.897764,2.66234,1341.097361,22782.5085,,,,,,,,,,,,,,,,,,,,,,,,,,,,,,,,0
78,06073010402,San Diego,CA,5536,0.26,9236.9449,307.897764,2.66234,1581.594567,20134.05242,,,,,,,,,,,,,,,,,,,,,,,,,,,,,,,,0
79,06073010502,San Diego,CA,5451,0.4,9236.9449,307.897764,2.66234,1085.94362,11519.70949,,,,,,,,,,,,,,,,,,,,,,,,,,,,,,,,0
80,06073010601,San Diego,CA,2248,1.63,9236.9449,307.897764,2.66234,1592.117611,82396.19115,,,,,,,,,,,,,,,,,,,,,,,,,,,,,,,,0
81,06073013103,San Diego,CA,2725,0.68,9236.9449,307.897764,2.66234,2052.35375,15884.17796,,,,,,,,,,,,,,,,,,,,,,,,,,,,,,,,0
82,06073013205,San Diego,CA,2326,0.69,9236.9449,307.897764,2.66234,9419.669189,2863753.137,,,,,,,,,,,,,,,,,,,,,,,,,,,,,,,,0
83,06073013206,San Diego,CA,6812,0.6,9236.9449,307.897764,2.66234,5298.400609,387711.3552,,,,,,,,,,,,,,,,,,,,,,,,,,,,,,,,0
84,06073013308,San Diego,CA,3801,0.62,9236.9449,307.897764,2.66234,15653.56047,3351413.573,,,,,,,,,,,,,,,,,,,,,,,,,,,,,,,,0
85,06073003501,San Diego,CA,4298,0.46,9236.9449,307.897764,2.66234,14137.20222,12922887.98,,,,,,,,,,,,,,,,,,,,,,,,,,,,,,,,0
86,06073003502,San Diego,CA,4979,0.3,33217,1107,1,12481.09859,8428218.13,1107,1107,1107,1107,1107,1107,1107,1107,1107,1107,1107,1107,1107,1107,1107,1107,1107,1107,1107,1107,1107,1107,1107,1107,1107,1107,1107,1107,1107,1107,1107,1
87,06073003601,San Diego,CA,3215,0.35,9236.9449,307.897764,2.66234,15029.30021,9623284.762,,,,,,,,,,,,,,,,,,,,,,,,,,,,,,,,0
88,06073003800,San Diego,CA,6509,0.69,9236.9449,307.897764,2.66234,24580.8377,19181956.09,,,,,,,,,,,,,,,,,,,,,,,,,,,,,,,,0
89,06073003901,San Diego,CA,4514,0.25,9236.9449,307.897764,2.66234,12124.46957,6908830.765,,,,,,,,,,,,,,,,,,,,,,,,,,,,,,,,0
90,06073003902,San Diego,CA,4993,0.45,7905,264,1,14610.19564,12644820.94,264,264,264,264,264,264,264,264,264,264,264,264,264,264,264,264,264,264,264,264,264,264,264,264,264,264,264,264,264,264,264,1
91,06073004000,San Diego,CA,5319,0.33,6868.5,229,2,13404.94885,9254134.569,229,229,229,229,229,229,229,229,229,229,229,229,229,229,229,229,229,229,229,229,229,229,229,229,229,229,229,229,229,229,229,2
92,06073004100,San Diego,CA,6704,0.58,9236.9449,307.897764,2.66234,20989.79132,16275217.5,,,,,,,,,,,,,,,,,,,,,,,,,,,,,,,,0
93,06073004501,San Diego,CA,2973,0.13,9236.9449,307.897764,2.66234,7972.012487,3510240.276,,,,,,,,,,,,,,,,,,,,,,,,,,,,,,,,0
94,06073004600,San Diego,CA,1991,0.15,9236.9449,307.897764,2.66234,9155.051399,4144252.232,,,,,,,,,,,,,,,,,,,,,,,,,,,,,,,,0
95,06073004700,San Diego,CA,1882,0.13,9236.9449,307.897764,2.66234,7800.027511,3720439.57,,,,,,,,,,,,,,,,,,,,,,,,,,,,,,,,0
96,06073004800,San Diego,CA,4035,0.22,15268,509,1,9859.207572,6079888.516,509,509,509,509,509,509,509,509,509,509,509,509,509,509,509,509,509,509,509,509,509,509,509,509,509,509,509,509,509,509,509,1
97,06073004900,San Diego,CA,4972,0.3,9236.9449,307.897764,2.66234,13644.69597,8249796.035,,,,,,,,,,,,,,,,,,,,,,,,,,,,,,,,0
98,06073005000,San Diego,CA,2322,0.55,9236.9449,307.897764,2.66234,19955.98697,15399320.01,,,,,,,,,,,,,,,,,,,,,,,,,,,,,,,,0
99,06073005100,San Diego,CA,7541,0.62,15686,523,1,20510.90403,17429378.91,554,554,554,554,554,554,554,554,554,554,554,523,523,554,554,554,554,554,554,554,554,554,554,554,554,554,554,554,554,554,554,1
100,06073005200,San Diego,CA,5682,0.28,9236.9449,307.897764,2.66234,11454.42412,7848118.02,,,,,,,,,,,,,,,,,,,,,,,,,,,,,,,,0
101,06073005300,San Diego,CA,6764,0.33,67777,2259.2,5,12211.25288,9305044.017,2244.6,2251.2,2230.4,2230.8,2242.2,2235,2277.8,2323.6,2282.4,2323.6,2311.6,2242.8,2235.4,2235.4,2243.2,2247,2248,2241.4,2240.8,2240.6,2233.6,2244.8,2256.8,2235,2255,2233.6,2239.8,2240.4,2269.4,2260.4,2273.4,5
102,06073005400,San Diego,CA,8102,0.59,2941,98,1,28567.25999,16370863.88,34,34,32,32,32,32,32,53,53,51,51,32,32,32,34,34,32,32,32,32,32,34,34,32,32,32,32,42,44,50,49,1
103,06073009902,San Diego,CA,2,0.12,9236.9449,307.897764,2.66234,30869.80811,2182896.359,,,,,,,,,,,,,,,,,,,,,,,,,,,,,,,,0
104,06073011000,San Diego,CA,2845,0.34,9236.9449,307.897764,2.66234,1259.402437,9280.877541,,,,,,,,,,,,,,,,,,,,,,,,,,,,,,,,0
105,06073011100,San Diego,CA,3809,0.35,9236.9449,307.897764,2.66234,3385.238057,45537.06727,,,,,,,,,,,,,,,,,,,,,,,,,,,,,,,,0
106,06073003001,San Diego,CA,4323,0.91,18128,604,1,22041.24479,25374180.53,604,604,604,604,604,604,604,604,604,604,604,604,604,604,604,604,604,604,604,604,604,604,604,604,604,604,604,604,604,604,604,1
107,06073003004,San Diego,CA,4996,0.49,9236.9449,307.897764,2.66234,18851.34421,13523763.73,,,,,,,,,,,,,,,,,,,,,,,,,,,,,,,,0
108,06073003101,San Diego,CA,3718,0.4,11352,378,1,14084.37912,11113857.66,378,378,378,378,378,378,378,378,378,378,378,378,378,378,378,378,378,378,378,378,378,378,378,378,378,378,378,378,378,378,378,1
109,06073003103,San Diego,CA,6193,0.79,9236.9449,307.897764,2.66234,21352.52745,22103623.46,,,,,,,,,,,,,,,,,,,,,,,,,,,,,,,,0
110,06073003105,San Diego,CA,4130,0.46,9236.9449,307.897764,2.66234,15601.46028,12988439.78,,,,,,,,,,,,,,,,,,,,,,,,,,,,,,,,0
111,06073003109,San Diego,CA,3383,0.43,9236.9449,307.897764,2.66234,15219.42886,12042075.92,,,,,,,,,,,,,,,,,,,,,,,,,,,,,,,,0
112,06073003111,San Diego,CA,6191,0.56,9236.9449,307.897764,2.66234,26896.31667,15862156.13,,,,,,,,,,,,,,,,,,,,,,,,,,,,,,,,0
113,06073003112,San Diego,CA,4663,0.58,9236.9449,307.897764,2.66234,16725.84443,16157933.14,,,,,,,,,,,,,,,,,,,,,,,,,,,,,,,,0
114,06073003113,San Diego,CA,5081,0.61,9236.9449,307.897764,2.66234,20661.07561,16913021.03,,,,,,,,,,,,,,,,,,,,,,,,,,,,,,,,0
115,06073003114,San Diego,CA,3392,0.44,9236.9449,307.897764,2.66234,15239.37097,11952689.88,,,,,,,,,,,,,,,,,,,,,,,,,,,,,,,,0
116,06073003115,San Diego,CA,6529,0.6,9236.9449,307.897764,2.66234,21046.71392,16678637.21,,,,,,,,,,,,,,,,,,,,,,,,,,,,,,,,0
117,06073003201,San Diego,CA,4965,0.63,9236.9449,307.897764,2.66234,20735.77122,17354343.65,,,,,,,,,,,,,,,,,,,,,,,,,,,,,,,,0
118,06073003202,San Diego,CA,4594,0.5,9236.9449,307.897764,2.66234,17737.54524,13781994.23,,,,,,,,,,,,,,,,,,,,,,,,,,,,,,,,0
119,06073003204,San Diego,CA,3386,1.35,9236.9449,307.897764,2.66234,2327.002917,18663.3658,,,,,,,,,,,,,,,,,,,,,,,,,,,,,,,,0
120,06073003207,San Diego,CA,5902,2.16,9236.9449,307.897764,2.66234,1991.817011,9565.444016,,,,,,,,,,,,,,,,,,,,,,,,,,,,,,,,0
121,06073003208,San Diego,CA,6786,0.52,9236.9449,307.897764,2.66234,17604.55856,14369160.8,,,,,,,,,,,,,,,,,,,,,,,,,,,,,,,,0
122,06073003209,San Diego,CA,5351,0.5,9236.9449,307.897764,2.66234,18318.92569,13939884.21,,,,,,,,,,,,,,,,,,,,,,,,,,,,,,,,0
123,06073003211,San Diego,CA,3190,0.33,9236.9449,307.897764,2.66234,15918.08967,9235910.626,,,,,,,,,,,,,,,,,,,,,,,,,,,,,,,,0
124,06073003212,San Diego,CA,4061,0.49,9236.9449,307.897764,2.66234,19125.79728,12877014.23,,,,,,,,,,,,,,,,,,,,,,,,,,,,,,,,0
125,06073003213,San Diego,CA,4249,0.46,9236.9449,307.897764,2.66234,14712.95353,12642375.48,,,,,,,,,,,,,,,,,,,,,,,,,,,,,,,,0
126,06073003301,San Diego,CA,3446,0.59,9236.9449,307.897764,2.66234,21843.86723,11176279.24,,,,,,,,,,,,,,,,,,,,,,,,,,,,,,,,0
127,06073003303,San Diego,CA,4197,0.24,8643.333333,288.3333333,3,11017.19754,6663966.215,288.3333333,288.3333333,288.3333333,288.3333333,288.3333333,288.3333333,288.3333333,288.3333333,288.3333333,288.3333333,288.3333333,288.3333333,288.3333333,288.3333333,288.3333333,288.3333333,288.3333333,288.3333333,288.3333333,288.3333333,288.3333333,288.3333333,288.3333333,288.3333333,288.3333333,288.3333333,288.3333333,288.3333333,288.3333333,288.3333333,288.3333333,3
128,06073003304,San Diego,CA,3768,0.23,9236.9449,307.897764,2.66234,10486.87663,6345826.886,,,,,,,,,,,,,,,,,,,,,,,,,,,,,,,,0
129,06073003305,San Diego,CA,5773,0.49,9236.9449,307.897764,2.66234,16339.35242,13819406.81,,,,,,,,,,,,,,,,,,,,,,,,,,,,,,,,0
130,06073003403,San Diego,CA,4408,0.54,3831,128,1,19030.40244,14801861.01,128,128,128,128,128,128,128,128,128,128,128,128,128,128,128,128,128,128,128,128,128,128,128,128,128,128,128,128,128,128,128,1
131,06073003404,San Diego,CA,4531,0.65,9236.9449,307.897764,2.66234,17336.65496,18048265.1,,,,,,,,,,,,,,,,,,,,,,,,,,,,,,,,0
132,06073003602,San Diego,CA,3171,0.25,9236.9449,307.897764,2.66234,10701.95572,7049089.877,,,,,,,,,,,,,,,,,,,,,,,,,,,,,,,,0
133,06073003603,San Diego,CA,4205,0.26,9236.9449,307.897764,2.66234,11143.96272,7339709.848,,,,,,,,,,,,,,,,,,,,,,,,,,,,,,,,0
134,06073011801,San Diego,CA,4038,0.25,9236.9449,307.897764,2.66234,2012.802019,1415.279094,,,,,,,,,,,,,,,,,,,,,,,,,,,,,,,,0
135,06073011802,San Diego,CA,6862,0.35,9236.9449,307.897764,2.66234,4509.972217,136002.9421,,,,,,,,,,,,,,,,,,,,,,,,,,,,,,,,0
136,06073011902,San Diego,CA,5750,0.67,9236.9449,307.897764,2.66234,22246.63939,377847.2167,,,,,,,,,,,,,,,,,,,,,,,,,,,,,,,,0
137,06073012003,San Diego,CA,3389,0.41,9236.9449,307.897764,2.66234,4294.926272,38645.56565,,,,,,,,,,,,,,,,,,,,,,,,,,,,,,,,0
138,06073012102,San Diego,CA,3324,0.45,9236.9449,307.897764,2.66234,3743.424019,2723.780702,,,,,,,,,,,,,,,,,,,,,,,,,,,,,,,,0
139,06073014102,San Diego,CA,3880,0.46,9236.9449,307.897764,2.66234,22580.03931,12261969.69,,,,,,,,,,,,,,,,,,,,,,,,,,,,,,,,0
140,06073021900,San Diego,CA,6994,2.35,9236.9449,307.897764,2.66234,7540.478368,283184.489,,,,,,,,,,,,,,,,,,,,,,,,,,,,,,,,0
141,06073003107,San Diego,CA,6053,0.61,9234,308,1,22246.56036,12657317.37,308,308,308,308,308,308,308,308,308,308,308,308,308,308,308,308,308,308,308,308,308,308,308,308,308,308,308,308,308,308,308,1
142,06073003108,San Diego,CA,3526,0.42,9236.9449,307.897764,2.66234,5444.178982,20246.38931,,,,,,,,,,,,,,,,,,,,,,,,,,,,,,,,0
143,06073003214,San Diego,CA,4635,0.47,9236.9449,307.897764,2.66234,10885.97078,4685359.232,,,,,,,,,,,,,,,,,,,,,,,,,,,,,,,,0
144,06073010014,San Diego,CA,19323,10.98,9236.9449,307.897764,2.66234,87403.46814,159974314.1,,,,,,,,,,,,,,,,,,,,,,,,,,,,,,,,0
145,06073010015,San Diego,CA,2863,15.39,9236.9449,307.897764,2.66234,83238.74678,264096588.5,,,,,,,,,,,,,,,,,,,,,,,,,,,,,,,,0
146,06073013313,San Diego,CA,13229,7.3,9236.9449,307.897764,2.66234,665.1710398,25990.98681,,,,,,,,,,,,,,,,,,,,,,,,,,,,,,,,0
147,06073000100,San Diego,CA,3019,0.59,6035,201,1,20348.07942,16507748.22,179,201,189,219,219,289,309,201,299,284,284,284,201,201,201,179,149,149,149,149,149,159,159,149,201,179,179,201,201,224,201,1
148,06073000201,San Diego,CA,1921,0.33,9236.9449,307.897764,2.66234,12251.33198,9327366.225,,,,,,,,,,,,,,,,,,,,,,,,,,,,,,,,0
149,06073000202,San Diego,CA,4221,0.51,9236.9449,307.897764,2.66234,18834.60464,14402858.96,,,,,,,,,,,,,,,,,,,,,,,,,,,,,,,,0
150,06073000300,San Diego,CA,4939,0.35,8708.666667,290,3,14256.05997,9575807.298,290,290,317.3333333,277,277,277,281,290,290,290,290,290,277,277,290,290,277,277,290,277,281,305.3333333,290,289.3333333,290,309.3333333,290,290,290,290,290,3
151,06073000400,San Diego,CA,3890,0.45,8912.666667,297,3,15531.6992,12525053.42,239.6666667,239.6666667,219.6666667,229.6666667,229.6666667,229.6666667,239.6666667,307.3333333,307.3333333,307.3333333,307.3333333,297,229.6666667,219.6666667,236.3333333,297,297,219.6666667,219.6666667,229.6666667,229.6666667,246.3333333,246.3333333,246.3333333,246.3333333,219.6666667,239.6666667,239.6666667,239.6666667,246.3333333,246.3333333,3
152,06073000500,San Diego,CA,2837,0.45,9236.9449,307.897764,2.66234,17126.99609,12568616.78,,,,,,,,,,,,,,,,,,,,,,,,,,,,,,,,0
153,06073000600,San Diego,CA,2957,0.36,12509,417,1,16646.418,10077411.81,417,417,417,417,417,417,417,417,417,417,417,417,417,417,417,417,417,417,417,417,417,417,417,417,417,417,417,417,417,417,417,1
154,06073000700,San Diego,CA,3881,0.3,9236.9449,307.897764,2.66234,11501.18352,8385102.533,,,,,,,,,,,,,,,,,,,,,,,,,,,,,,,,0
155,06073000800,San Diego,CA,4558,0.25,4778,159,1,10469.23586,6871059.806,159,159,159,159,159,159,159,159,159,159,159,159,159,159,159,159,159,159,159,159,159,159,159,159,159,159,159,159,159,159,159,1
156,06073000900,San Diego,CA,5191,0.24,9236.9449,307.897764,2.66234,10295.01009,6591989.641,,,,,,,,,,,,,,,,,,,,,,,,,,,,,,,,0
157,06073001000,San Diego,CA,4868,0.34,4287,143,4,13847.68745,9369391.72,126.3333333,126.3333333,126.3333333,126.3333333,126.3333333,126.3333333,126.3333333,126.3333333,126.3333333,126.3333333,126.3333333,126.3333333,126.3333333,126.3333333,126.3333333,126.3333333,126.3333333,126.3333333,126.3333333,126.3333333,126.3333333,126.3333333,126.3333333,126.3333333,126.3333333,126.3333333,126.3333333,126.3333333,126.3333333,126.3333333,126.3333333,3
158,06073001100,San Diego,CA,3064,0.36,9236.9449,307.897764,2.66234,12744.54491,10055574.28,,,,,,,,,,,,,,,,,,,,,,,,,,,,,,,,0
159,06073001200,San Diego,CA,5628,0.27,9236.9449,307.897764,2.66234,11574.61367,7389239.068,,,,,,,,,,,,,,,,,,,,,,,,,,,,,,,,0
160,06073001300,San Diego,CA,6198,0.3,9236.9449,307.897764,2.66234,11753.64226,8496117.104,,,,,,,,,,,,,,,,,,,,,,,,,,,,,,,,0
161,06073001400,San Diego,CA,3165,0.29,9236.9449,307.897764,2.66234,11366.32922,8059318.721,,,,,,,,,,,,,,,,,,,,,,,,,,,,,,,,0
162,06073001500,San Diego,CA,3924,0.31,10166.66667,339,3,13154.24866,8552866.398,339,339,339,339,339,339,339,339,339,339,339,339,339,339,339,339,339,339,339,339,339,339,339,339,339,339,339,339,339,339,339,3
163,06073001600,San Diego,CA,5670,0.26,9236.9449,307.897764,2.66234,12192.85515,7255631.762,,,,,,,,,,,,,,,,,,,,,,,,,,,,,,,,0
164,06073001700,San Diego,CA,4991,0.25,5539,184.75,4,11014.77935,6946773.363,186,186.75,183.25,184.75,183.25,183.25,183.25,187.5,188.75,187.75,187.75,187.75,183.25,184.75,185,185.75,184.75,183.25,183.25,183.25,183.25,185,185.75,183.25,183.25,183.25,183.5,183.5,184.75,186.75,183.25,4
165,06073001800,San Diego,CA,5287,0.29,5105.5,170,2,14103.23521,8049904.69,157.5,170,132.5,131.5,130.5,131.5,138,161.5,158.5,131,128.5,125.5,127,131.5,157.5,160.5,130,136.5,138.5,144.5,161,206,248.5,221.5,223,217,208,214,287.5,275.5,198.5,2
166,06073001900,San Diego,CA,3012,0.68,9236.9449,307.897764,2.66234,21958.2753,18828181.17,,,,,,,,,,,,,,,,,,,,,,,,,,,,,,,,0
167,06073002201,San Diego,CA,3731,0.14,9236.9449,307.897764,2.66234,7798.757068,3826250.457,,,,,,,,,,,,,,,,,,,,,,,,,,,,,,,,0
168,06073002401,San Diego,CA,4573,0.25,9236.9449,307.897764,2.66234,11133.14755,7001413.547,,,,,,,,,,,,,,,,,,,,,,,,,,,,,,,,0
169,06073004200,San Diego,CA,5709,0.97,7424,247,1,23298.69314,26901806.36,247,247,247,247,247,247,247,247,247,247,247,247,247,247,247,247,247,247,247,247,247,247,247,247,247,247,247,247,247,247,247,1
170,06073004300,San Diego,CA,3660,0.39,9236.9449,307.897764,2.66234,13579.58452,10962910.84,,,,,,,,,,,,,,,,,,,,,,,,,,,,,,,,0
171,06073004400,San Diego,CA,3956,0.36,7666,256,1,13066.85197,10288093.98,256,256,256,256,256,256,256,256,256,256,256,256,256,256,256,256,256,256,256,256,256,256,256,256,256,256,256,256,256,256,256,1
172,06073005500,San Diego,CA,197,0.18,9236.9449,307.897764,2.66234,9340.604905,5049151.324,,,,,,,,,,,,,,,,,,,,,,,,,,,,,,,,0
173,06073005600,San Diego,CA,4749,2.14,9236.9449,307.897764,2.66234,46381.01196,59717049.5,,,,,,,,,,,,,,,,,,,,,,,,,,,,,,,,0
174,06073005700,San Diego,CA,1998,0.1,8724.777778,290.8888889,9,7090.927154,2883346.076,290.8888889,290.8888889,290.8888889,290.8888889,290.8888889,290.8888889,290.8888889,290.8888889,290.8888889,290.8888889,290.8888889,290.8888889,290.8888889,290.8888889,290.8888889,290.8888889,290.8888889,290.8888889,290.8888889,290.8888889,290.8888889,290.8888889,290.8888889,290.8888889,290.8888889,290.8888889,290.8888889,290.8888889,290.8888889,290.8888889,290.8888889,9
175,06073005800,San Diego,CA,2904,0.31,4590.5,153,4,16947.36972,8761544.33,142,142.5,163.75,129.5,165,145.25,145.25,155.25,155.25,153,172,132,135.25,131.75,140.5,139.75,130,130.75,164,164,130.25,136.25,136.25,130.75,130.75,128,130.75,135.25,152,165,161.75,4
176,06073005900,San Diego,CA,2988,0.16,4493,150,1,9029.062843,4523843.53,150,150,150,150,150,150,150,150,150,150,150,150,150,150,150,150,150,150,150,150,150,150,150,150,150,150,150,150,150,150,150,1
177,06073006000,San Diego,CA,3881,0.39,11231,374,1,13692.43656,10881930.69,374,374,374,374,374,374,374,374,374,374,374,374,374,374,374,374,374,374,374,374,374,374,374,374,374,374,374,374,374,374,374,1
178,06073006100,San Diego,CA,2280,0.35,9236.9449,307.897764,2.66234,14869.29056,9764085.35,,,,,,,,,,,,,,,,,,,,,,,,,,,,,,,,0
179,06073006200,San Diego,CA,146,1.25,9236.9449,307.897764,2.66234,44747.33399,35026927.8,,,,,,,,,,,,,,,,,,,,,,,,,,,,,,,,0
180,06073008902,San Diego,CA,2326,1.19,3550,118,4,34657.96449,33496500.77,108.75,121.5,103,107,105.5,116,119.5,147.5,168.75,132.75,136,119.5,99.25,99.5,124.25,120.75,107.5,98.25,98.25,97.5,108,133.75,117.25,119.5,119.75,106,114.25,135.25,174.75,177.25,172.75,4
181,06073009106,San Diego,CA,3893,0.93,9777,326,1,27910.6431,26086142.63,326,326,326,326,326,326,326,326,326,326,326,326,326,326,326,326,326,326,326,326,326,326,326,326,326,326,326,326,326,326,326,1
182,06073009107,San Diego,CA,4386,0.31,3424,114,2,14022.03697,8612822.671,125,125,107,111.5,111.5,111.5,111.5,125,125,111.5,111.5,111.5,111.5,111.5,125,125,111.5,111.5,111.5,111.5,111.5,125,125,114,111.5,111.5,114,111.5,151.5,196.5,201,2
183,06073008504,San Diego,CA,6040,1.16,11414,380,1,25151.55348,32385862.89,380,380,380,380,380,380,380,380,380,380,380,380,380,380,380,380,380,380,380,380,380,380,380,380,380,380,380,380,380,380,380,1
184,06073008509,San Diego,CA,6749,0.75,9236.9449,307.897764,2.66234,21336.87756,20936265.51,,,,,,,,,,,,,,,,,,,,,,,,,,,,,,,,0
185,06073008510,San Diego,CA,6563,0.79,9236.9449,307.897764,2.66234,20867.67114,22130116.37,,,,,,,,,,,,,,,,,,,,,,,,,,,,,,,,0
186,06073008512,San Diego,CA,4251,0.81,9236.9449,307.897764,2.66234,21660.92373,22693347.99,,,,,,,,,,,,,,,,,,,,,,,,,,,,,,,,0
187,06073008513,San Diego,CA,2772,0.62,9236.9449,307.897764,2.66234,23492.5345,17101174.09,,,,,,,,,,,,,,,,,,,,,,,,,,,,,,,,0
188,06073008600,San Diego,CA,6895,1,9236.9449,307.897764,2.66234,22843.10833,28151037.94,,,,,,,,,,,,,,,,,,,,,,,,,,,,,,,,0
189,06073008701,San Diego,CA,3367,0.65,9236.9449,307.897764,2.66234,23197.26883,17970590.74,,,,,,,,,,,,,,,,,,,,,,,,,,,,,,,,0
190,06073008702,San Diego,CA,5116,1.05,6834,228,2,31334.56909,29082711.55,228,228,228,228,228,228,228,228,228,228,228,228,228,228,228,228,228,228,228,228,228,228,228,228,228,228,228,228,228,228,228,2
191,06073008800,San Diego,CA,6123,0.57,9236.9449,307.897764,2.66234,19740.11711,15998315.18,,,,,,,,,,,,,,,,,,,,,,,,,,,,,,,,0
192,06073008901,San Diego,CA,5158,0.5,8168,272,1,20900.73779,13937512.37,277,272,247,226,247,329,247,269,269,247,272,224,224,224,262,262,224,224,224,224,272,254,262,359,359,341,359,272,329,359,419,1
193,06073009000,San Diego,CA,3897,0.47,9236.9449,307.897764,2.66234,16108.28444,12875843.57,,,,,,,,,,,,,,,,,,,,,,,,,,,,,,,,0
194,06073009201,San Diego,CA,5599,0.66,9236.9449,307.897764,2.66234,21277.25231,18303125.34,,,,,,,,,,,,,,,,,,,,,,,,,,,,,,,,0
195,06073009202,San Diego,CA,4897,1.4,9236.9449,307.897764,2.66234,30909.16698,39020751.38,,,,,,,,,,,,,,,,,,,,,,,,,,,,,,,,0
196,06073009301,San Diego,CA,4353,0.57,9236.9449,307.897764,2.66234,20566.44283,15671807.24,,,,,,,,,,,,,,,,,,,,,,,,,,,,,,,,0
197,06073009304,San Diego,CA,8114,2.15,4659,155.5,2,43136.44289,60074068.59,142,142,113,113,113,122,208,155.5,208,208,155.5,113,113,113,142,142,113,113,113,113,113,142,142,155.5,155.5,155.5,122,155.5,162,155.5,202,2
198,06073009305,San Diego,CA,4670,0.62,9236.9449,307.897764,2.66234,18404.12886,17320348.4,,,,,,,,,,,,,,,,,,,,,,,,,,,,,,,,0
199,06073009306,San Diego,CA,5609,1.11,9236.9449,307.897764,2.66234,25534.85562,30998966.09,,,,,,,,,,,,,,,,,,,,,,,,,,,,,,,,0
200,06073002001,San Diego,CA,3431,0.96,9236.9449,307.897764,2.66234,24434.80408,26547446.42,,,,,,,,,,,,,,,,,,,,,,,,,,,,,,,,0
201,06073002002,San Diego,CA,2664,0.5,9236.9449,307.897764,2.66234,18924.68183,14049729.91,,,,,,,,,,,,,,,,,,,,,,,,,,,,,,,,0
202,06073002100,San Diego,CA,5545,0.35,9236.9449,307.897764,2.66234,17034.92219,9708750.868,,,,,,,,,,,,,,,,,,,,,,,,,,,,,,,,0
203,06073002202,San Diego,CA,5028,0.19,9236.9449,307.897764,2.66234,9172.552502,5175132.761,,,,,,,,,,,,,,,,,,,,,,,,,,,,,,,,0
204,06073002301,San Diego,CA,2835,0.16,9236.9449,307.897764,2.66234,10245.78434,4553452.271,,,,,,,,,,,,,,,,,,,,,,,,,,,,,,,,0
205,06073002302,San Diego,CA,6576,0.2,9236.9449,307.897764,2.66234,9659.280545,5720837.622,,,,,,,,,,,,,,,,,,,,,,,,,,,,,,,,0
206,06073002402,San Diego,CA,5351,0.19,9236.9449,307.897764,2.66234,9817.728297,5540302.644,,,,,,,,,,,,,,,,,,,,,,,,,,,,,,,,0
207,06073002501,San Diego,CA,5483,0.49,9236.9449,307.897764,2.66234,17455.88043,13692325.5,,,,,,,,,,,,,,,,,,,,,,,,,,,,,,,,0
208,06073002502,San Diego,CA,6363,0.72,9236.9449,307.897764,2.66234,22532.47999,20041039.08,,,,,,,,,,,,,,,,,,,,,,,,,,,,,,,,0
209,06073002601,San Diego,CA,6300,0.32,9236.9449,307.897764,2.66234,12082.84146,8997713.919,,,,,,,,,,,,,,,,,,,,,,,,,,,,,,,,0
210,06073002602,San Diego,CA,4496,0.3,9236.9449,307.897764,2.66234,11932.10291,8200645.063,,,,,,,,,,,,,,,,,,,,,,,,,,,,,,,,0
211,06073002702,San Diego,CA,5235,0.53,9236.9449,307.897764,2.66234,15730.07789,14810609.79,,,,,,,,,,,,,,,,,,,,,,,,,,,,,,,,0
212,06073002703,San Diego,CA,6986,0.76,9236.9449,307.897764,2.66234,25735.66496,20894946.11,,,,,,,,,,,,,,,,,,,,,,,,,,,,,,,,0
213,06073002705,San Diego,CA,4335,0.48,9236.9449,307.897764,2.66234,18061.55052,13431581.56,,,,,,,,,,,,,,,,,,,,,,,,,,,,,,,,0
214,06073002707,San Diego,CA,5267,0.15,9236.9449,307.897764,2.66234,8447.616796,4126924.36,,,,,,,,,,,,,,,,,,,,,,,,,,,,,,,,0
215,06073002708,San Diego,CA,5950,0.24,9236.9449,307.897764,2.66234,10741.36201,6810396.953,,,,,,,,,,,,,,,,,,,,,,,,,,,,,,,,0
216,06073002709,San Diego,CA,3818,0.24,9236.9449,307.897764,2.66234,12872.82964,6737870.018,,,,,,,,,,,,,,,,,,,,,,,,,,,,,,,,0
217,06073002710,San Diego,CA,4309,0.26,9236.9449,307.897764,2.66234,15389.14718,7193455.749,,,,,,,,,,,,,,,,,,,,,,,,,,,,,,,,0
218,06073002711,San Diego,CA,3217,0.56,9236.9449,307.897764,2.66234,19078.51027,15454615.63,,,,,,,,,,,,,,,,,,,,,,,,,,,,,,,,0
219,06073002712,San Diego,CA,4678,0.85,9236.9449,307.897764,2.66234,26104.77268,23676112.6,,,,,,,,,,,,,,,,,,,,,,,,,,,,,,,,0
220,06073002801,San Diego,CA,3247,1.1,9236.9449,307.897764,2.66234,25664.78487,30707349.17,,,,,,,,,,,,,,,,,,,,,,,,,,,,,,,,0
221,06073002803,San Diego,CA,5478,0.42,5191,173,1,17053.93058,11739185.75,173,173,173,173,173,173,173,173,173,173,173,173,173,173,173,173,173,173,173,173,173,173,173,173,173,173,173,173,173,173,173,1
222,06073002804,San Diego,CA,4699,0.57,9236.9449,307.897764,2.66234,15694.84825,15775849.33,,,,,,,,,,,,,,,,,,,,,,,,,,,,,,,,0
223,06073002902,San Diego,CA,5357,0.62,9236.9449,307.897764,2.66234,20162.37935,17148433.02,,,,,,,,,,,,,,,,,,,,,,,,,,,,,,,,0
224,06073002903,San Diego,CA,3717,0.54,9236.9449,307.897764,2.66234,15855.35689,15116651.53,,,,,,,,,,,,,,,,,,,,,,,,,,,,,,,,0
225,06073002904,San Diego,CA,7893,0.7,9236.9449,307.897764,2.66234,19455.38668,19522581.46,,,,,,,,,,,,,,,,,,,,,,,,,,,,,,,,0
226,06073002905,San Diego,CA,4177,0.44,9236.9449,307.897764,2.66234,18687.87674,12302953.33,,,,,,,,,,,,,,,,,,,,,,,,,,,,,,,,0
227,06073003003,San Diego,CA,5198,1.26,9236.9449,307.897764,2.66234,33531.9925,30250286.98,,,,,,,,,,,,,,,,,,,,,,,,,,,,,,,,0
228,06073003401,San Diego,CA,6227,1.08,9236.9449,307.897764,2.66234,25862.62344,30161140.71,,,,,,,,,,,,,,,,,,,,,,,,,,,,,,,,0
229,06073009506,San Diego,CA,4077,0.6,9236.9449,307.897764,2.66234,20797.96738,16580864.25,,,,,,,,,,,,,,,,,,,,,,,,,,,,,,,,0
230,06073009507,San Diego,CA,3569,1.65,9236.9449,307.897764,2.66234,29793.44084,46195088.05,,,,,,,,,,,,,,,,,,,,,,,,,,,,,,,,0
231,06073009509,San Diego,CA,4267,2.02,9236.9449,307.897764,2.66234,40097.24631,56277013.69,,,,,,,,,,,,,,,,,,,,,,,,,,,,,,,,0
232,06073009510,San Diego,CA,5269,0.63,9236.9449,307.897764,2.66234,19867.50322,17601103.99,,,,,,,,,,,,,,,,,,,,,,,,,,,,,,,,0
233,06073009511,San Diego,CA,4515,0.56,9236.9449,307.897764,2.66234,19706.10581,15465002.79,,,,,,,,,,,,,,,,,,,,,,,,,,,,,,,,0
234,06073009602,San Diego,CA,3677,0.74,5936,198,1,21068.84392,20452043.49,198,198,198,198,198,198,198,198,198,198,198,198,198,198,198,198,198,198,198,198,198,198,198,198,198,198,198,198,198,198,198,1
235,06073009603,San Diego,CA,4570,0.67,9236.9449,307.897764,2.66234,17421.98716,18568818.21,,,,,,,,,,,,,,,,,,,,,,,,,,,,,,,,0
236,06073009604,San Diego,CA,3227,0.7,9236.9449,307.897764,2.66234,20023.11914,19598318.77,,,,,,,,,,,,,,,,,,,,,,,,,,,,,,,,0
237,06073009703,San Diego,CA,3471,0.64,9236.9449,307.897764,2.66234,22338.51106,17786388.41,,,,,,,,,,,,,,,,,,,,,,,,,,,,,,,,0
238,06073009704,San Diego,CA,5759,1.21,6495,216.5,2,28024.07926,33734329.39,216.5,206.5,190.5,196,199,199,198.5,216.5,303.5,291.5,291.5,208.5,199,216.5,204,204,196.5,196.5,196.5,196.5,196.5,206.5,206.5,196.5,196.5,196.5,209,209,239,216.5,234,2
239,06073009705,San Diego,CA,3867,0.93,3133,104.5,2,21120.67589,26049600.85,117.5,121,85.5,83,82.5,83.5,86.5,112.5,120.5,88,94,83,83.5,84,112.5,114,98,90,82.5,83.5,84,118,121,100.5,84.5,90.5,85,84.5,121,123,102.5,2
240,06073009706,San Diego,CA,7104,2.48,9236.9449,307.897764,2.66234,43716.21084,68713314.86,,,,,,,,,,,,,,,,,,,,,,,,,,,,,,,,0
241,06073009801,San Diego,CA,5084,0.81,9236.9449,307.897764,2.66234,25220.04397,22544219.32,,,,,,,,,,,,,,,,,,,,,,,,,,,,,,,,0
242,06073009805,San Diego,CA,4731,2.87,9236.9449,307.897764,2.66234,38504.10146,79946344.6,,,,,,,,,,,,,,,,,,,,,,,,,,,,,,,,0
243,06073014101,San Diego,CA,3521,0.52,9236.9449,307.897764,2.66234,9369.974822,177919.0626,,,,,,,,,,,,,,,,,,,,,,,,,,,,,,,,0
244,06073014200,San Diego,CA,6364,0.87,9236.9449,307.897764,2.66234,6756.924221,59076.14629,,,,,,,,,,,,,,,,,,,,,,,,,,,,,,,,0
245,06073014500,San Diego,CA,3957,0.45,9236.9449,307.897764,2.66234,9925.337419,105253.1576,,,,,,,,,,,,,,,,,,,,,,,,,,,,,,,,0
246,06073014700,San Diego,CA,7546,0.96,9236.9449,307.897764,2.66234,17711.36151,227329.6372,,,,,,,,,,,,,,,,,,,,,,,,,,,,,,,,0
247,06073014804,San Diego,CA,4316,0.48,9236.9449,307.897764,2.66234,7412.542012,132170.3036,,,,,,,,,,,,,,,,,,,,,,,,,,,,,,,,0
248,06073014805,San Diego,CA,4064,0.5,9236.9449,307.897764,2.66234,7500.821203,164965.2344,,,,,,,,,,,,,,,,,,,,,,,,,,,,,,,,0
249,06073014806,San Diego,CA,2574,0.35,9236.9449,307.897764,2.66234,7144.579225,92390.5604,,,,,,,,,,,,,,,,,,,,,,,,,,,,,,,,0
250,06073008345,San Diego,CA,3406,0.75,9236.9449,307.897764,2.66234,22179.5004,21018289.62,,,,,,,,,,,,,,,,,,,,,,,,,,,,,,,,0
251,06073008346,San Diego,CA,4873,4.53,7644,255,1,72243.38211,126496551.7,255,255,255,255,255,255,255,255,255,255,255,255,255,255,255,255,255,255,255,255,255,255,255,255,255,255,255,255,255,255,255,1
252,06073008347,San Diego,CA,6511,0.89,9236.9449,307.897764,2.66234,34886.97871,24655150.58,,,,,,,,,,,,,,,,,,,,,,,,,,,,,,,,0
253,06073008348,San Diego,CA,5356,0.77,9236.9449,307.897764,2.66234,24062.88512,21338359.73,,,,,,,,,,,,,,,,,,,,,,,,,,,,,,,,0
254,06073008349,San Diego,CA,3466,0.37,9236.9449,307.897764,2.66234,17114.39691,10509328.62,,,,,,,,,,,,,,,,,,,,,,,,,,,,,,,,0
255,06073008350,San Diego,CA,6384,6,20973,699,1,60263.74337,166847056.7,699,699,699,699,699,699,699,699,699,699,699,699,699,699,699,699,699,699,699,699,699,699,699,699,699,699,699,699,699,699,699,1
256,06073008351,San Diego,CA,4351,0.41,9236.9449,307.897764,2.66234,14499.86379,11273458.59,,,,,,,,,,,,,,,,,,,,,,,,,,,,,,,,0
257,06073008352,San Diego,CA,3554,0.27,9236.9449,307.897764,2.66234,11115.58192,7527881.765,,,,,,,,,,,,,,,,,,,,,,,,,,,,,,,,0
258,06073008355,San Diego,CA,3487,0.34,9236.9449,307.897764,2.66234,14913.51407,9601241.535,,,,,,,,,,,,,,,,,,,,,,,,,,,,,,,,0
259,06073008356,San Diego,CA,3490,0.23,9236.9449,307.897764,2.66234,10704.67678,6603156.889,,,,,,,,,,,,,,,,,,,,,,,,,,,,,,,,0
260,06073008357,San Diego,CA,5007,0.35,9236.9449,307.897764,2.66234,16831.52971,9525537.92,,,,,,,,,,,,,,,,,,,,,,,,,,,,,,,,0
261,06073008358,San Diego,CA,6739,0.74,9236.9449,307.897764,2.66234,20313.72519,20472389.64,,,,,,,,,,,,,,,,,,,,,,,,,,,,,,,,0
262,06073008359,San Diego,CA,3758,0.44,4715,157,1,15181.22633,12275903.07,157,157,157,157,157,157,157,157,157,157,157,157,157,157,157,157,157,157,157,157,157,157,157,157,157,157,157,157,157,157,157,1
263,06073008360,San Diego,CA,5867,1.08,9236.9449,307.897764,2.66234,24853.40514,29894360.56,,,,,,,,,,,,,,,,,,,,,,,,,,,,,,,,0
264,06073008505,San Diego,CA,5824,1.14,9236.9449,307.897764,2.66234,25927.59424,31722394.85,,,,,,,,,,,,,,,,,,,,,,,,,,,,,,,,0
265,06073008506,San Diego,CA,3964,0.5,9236.9449,307.897764,2.66234,16023.99322,13772543.36,,,,,,,,,,,,,,,,,,,,,,,,,,,,,,,,0
266,06073008507,San Diego,CA,7727,0.86,2205,74,1,20578.91851,24181972.04,89,89,70,76,76,76,76,89,89,74,76,76,76,76,89,89,76,76,76,76,76,74,89,74,71,76,76,76,89,89,76,1
267,06073008511,San Diego,CA,3089,5.87,9236.9449,307.897764,2.66234,59407.41192,163480477.5,,,,,,,,,,,,,,,,,,,,,,,,,,,,,,,,0
268,06073009400,San Diego,CA,4961,23.99,9236.9449,307.897764,2.66234,132867.7054,669056427,,,,,,,,,,,,,,,,,,,,,,,,,,,,,,,,0
269,06073009502,San Diego,CA,3728,1.32,9236.9449,307.897764,2.66234,25021.87068,36662269.95,,,,,,,,,,,,,,,,,,,,,,,,,,,,,,,,0
270,06073009504,San Diego,CA,6588,22.61,9236.9449,307.897764,2.66234,154655.8509,629288830.9,,,,,,,,,,,,,,,,,,,,,,,,,,,,,,,,0
271,06073009505,San Diego,CA,6397,6.78,9236.9449,307.897764,2.66234,64906.23578,188834630.3,,,,,,,,,,,,,,,,,,,,,,,,,,,,,,,,0
272,06073017022,San Diego,CA,5230,1.72,9236.9449,307.897764,2.66234,31267.93505,43922935.78,,,,,,,,,,,,,,,,,,,,,,,,,,,,,,,,0
273,06073017043,San Diego,CA,5922,1.16,9236.9449,307.897764,2.66234,25552.97131,32378668.83,,,,,,,,,,,,,,,,,,,,,,,,,,,,,,,,0
274,06073017044,San Diego,CA,5607,0.93,9236.9449,307.897764,2.66234,27477.07561,25998318.27,,,,,,,,,,,,,,,,,,,,,,,,,,,,,,,,0
275,06073017045,San Diego,CA,2840,0.75,9236.9449,307.897764,2.66234,25014.65791,14875098.08,,,,,,,,,,,,,,,,,,,,,,,,,,,,,,,,0
276,06073017046,San Diego,CA,3698,1.45,9236.9449,307.897764,2.66234,27945.15871,40354188.24,,,,,,,,,,,,,,,,,,,,,,,,,,,,,,,,0
277,06073017047,San Diego,CA,4090,0.83,9236.9449,307.897764,2.66234,23358.79535,22873751.12,,,,,,,,,,,,,,,,,,,,,,,,,,,,,,,,0
278,06073009802,San Diego,CA,6146,0.76,9236.9449,307.897764,2.66234,19613.88785,20945259.27,,,,,,,,,,,,,,,,,,,,,,,,,,,,,,,,0
279,06073009804,San Diego,CA,4810,0.7,9236.9449,307.897764,2.66234,19935.35277,19533602.03,,,,,,,,,,,,,,,,,,,,,,,,,,,,,,,,0
280,06073014002,San Diego,CA,4589,0.82,9236.9449,307.897764,2.66234,1748.283666,8020.25943,,,,,,,,,,,,,,,,,,,,,,,,,,,,,,,,0
281,06073016100,San Diego,CA,5603,1.1,9236.9449,307.897764,2.66234,2475.974739,169171.607,,,,,,,,,,,,,,,,,,,,,,,,,,,,,,,,0
282,06073016605,San Diego,CA,7672,2.29,9236.9449,307.897764,2.66234,28778.45074,808830.1616,,,,,,,,,,,,,,,,,,,,,,,,,,,,,,,,0
283,06073016606,San Diego,CA,3374,1.06,9236.9449,307.897764,2.66234,21817.42731,5709626.65,,,,,,,,,,,,,,,,,,,,,,,,,,,,,,,,0
284,06073016612,San Diego,CA,6270,2.66,9236.9449,307.897764,2.66234,28949.9596,2810471.103,,,,,,,,,,,,,,,,,,,,,,,,,,,,,,,,0
285,06073016901,San Diego,CA,6976,17.22,9236.9449,307.897764,2.66234,44897.44908,7359394.277,,,,,,,,,,,,,,,,,,,,,,,,,,,,,,,,0
286,06073008328,San Diego,CA,6181,2.77,9236.9449,307.897764,2.66234,45900.85418,77078861.49,,,,,,,,,,,,,,,,,,,,,,,,,,,,,,,,0
287,06073017106,San Diego,CA,5143,11.78,9236.9449,307.897764,2.66234,5290.725839,298528.5914,,,,,,,,,,,,,,,,,,,,,,,,,,,,,,,,0
288,06073008324,San Diego,CA,6685,2.11,15188,506,1,44630.80621,58351749.04,506,506,506,506,506,506,506,506,506,506,506,506,506,506,506,506,506,506,506,506,506,506,506,506,506,506,506,506,506,506,506,1
289,06073008327,San Diego,CA,5830,2.42,9236.9449,307.897764,2.66234,36787.60314,67651154.44,,,,,,,,,,,,,,,,,,,,,,,,,,,,,,,,0
290,06073008329,San Diego,CA,6643,0.97,4779,159.5,2,23413.67879,27054045.36,184.5,159.5,159,176,188.5,159.5,188.5,159.5,176,163,167.5,184.5,159.5,154.5,159,150.5,146,154.5,154.5,154.5,146,154.5,146,146,159,180,176,159,193,180,163,2
291,06073008330,San Diego,CA,5688,0.59,9236.9449,307.897764,2.66234,15621.42976,16410164.13,,,,,,,,,,,,,,,,,,,,,,,,,,,,,,,,0
292,06073008331,San Diego,CA,2572,0.37,9236.9449,307.897764,2.66234,13393.47443,10282612.44,,,,,,,,,,,,,,,,,,,,,,,,,,,,,,,,0
293,06073017200,San Diego,CA,4362,1.74,9236.9449,307.897764,2.66234,21074.02488,602393.1597,,,,,,,,,,,,,,,,,,,,,,,,,,,,,,,,0
294,06073017304,San Diego,CA,5635,1.06,9236.9449,307.897764,2.66234,3211.996831,635277.8396,,,,,,,,,,,,,,,,,,,,,,,,,,,,,,,,0
295,06073017306,San Diego,CA,2815,1.81,9236.9449,307.897764,2.66234,21253.61906,7096459.951,,,,,,,,,,,,,,,,,,,,,,,,,,,,,,,,0
296,06073008335,San Diego,CA,11270,1.72,9236.9449,307.897764,2.66234,36139.89603,47976413.99,,,,,,,,,,,,,,,,,,,,,,,,,,,,,,,,0
297,06073008336,San Diego,CA,2373,0.32,9236.9449,307.897764,2.66234,14089.98235,9098424.172,,,,,,,,,,,,,,,,,,,,,,,,,,,,,,,,0
298,06073008337,San Diego,CA,4446,0.62,9236.9449,307.897764,2.66234,16758.88122,17052462.17,,,,,,,,,,,,,,,,,,,,,,,,,,,,,,,,0
299,06073008353,San Diego,CA,5095,0.75,9236.9449,307.897764,2.66234,21287.46572,20952935.67,,,,,,,,,,,,,,,,,,,,,,,,,,,,,,,,0
300,06073008354,San Diego,CA,5981,1.14,9236.9449,307.897764,2.66234,28947.87763,31799540.84,,,,,,,,,,,,,,,,,,,,,,,,,,,,,,,,0
301,06073008365,San Diego,CA,3083,0.91,9236.9449,307.897764,2.66234,32666.44207,25376008.86,,,,,,,,,,,,,,,,,,,,,,,,,,,,,,,,0
302,06073008366,San Diego,CA,6139,2.32,9236.9449,307.897764,2.66234,41074.8251,64920029.35,,,,,,,,,,,,,,,,,,,,,,,,,,,,,,,,0
303,06073017006,San Diego,CA,3026,0.99,9236.9449,307.897764,2.66234,8320.257061,3117352.372,,,,,,,,,,,,,,,,,,,,,,,,,,,,,,,,0
304,06073017014,San Diego,CA,2468,0.78,9236.9449,307.897764,2.66234,24437.06524,21828672.78,,,,,,,,,,,,,,,,,,,,,,,,,,,,,,,,0
305,06073017018,San Diego,CA,4128,0.7,9236.9449,307.897764,2.66234,29945.02978,19262380.18,,,,,,,,,,,,,,,,,,,,,,,,,,,,,,,,0
306,06073017029,San Diego,CA,9368,11.8,9236.9449,307.897764,2.66234,98021.30237,174794918.5,,,,,,,,,,,,,,,,,,,,,,,,,,,,,,,,0
307,06073017031,San Diego,CA,3797,0.41,9236.9449,307.897764,2.66234,14743.35546,11459649.1,,,,,,,,,,,,,,,,,,,,,,,,,,,,,,,,0
308,06073017032,San Diego,CA,13992,3.94,9236.9449,307.897764,2.66234,46950.7096,50696629.66,,,,,,,,,,,,,,,,,,,,,,,,,,,,,,,,0
309,06073017033,San Diego,CA,4844,3.5,9236.9449,307.897764,2.66234,44705.91532,97489431.76,,,,,,,,,,,,,,,,,,,,,,,,,,,,,,,,0
310,06073017034,San Diego,CA,4703,1.04,9236.9449,307.897764,2.66234,26957.57117,29197868.23,,,,,,,,,,,,,,,,,,,,,,,,,,,,,,,,0
311,06073017035,San Diego,CA,2622,0.92,9236.9449,307.897764,2.66234,24440.10131,25787287.48,,,,,,,,,,,,,,,,,,,,,,,,,,,,,,,,0
312,06073017036,San Diego,CA,3269,0.38,9236.9449,307.897764,2.66234,14614.37738,10621745.3,,,,,,,,,,,,,,,,,,,,,,,,,,,,,,,,0
313,06073017037,San Diego,CA,5902,1.21,9236.9449,307.897764,2.66234,24236.91672,33845749.24,,,,,,,,,,,,,,,,,,,,,,,,,,,,,,,,0
314,06073017039,San Diego,CA,6727,1.84,9236.9449,307.897764,2.66234,49158.47915,50465341.03,,,,,,,,,,,,,,,,,,,,,,,,,,,,,,,,0
315,06073017042,San Diego,CA,7928,2.21,9236.9449,307.897764,2.66234,40463.38835,51175510.86,,,,,,,,,,,,,,,,,,,,,,,,,,,,,,,,0
316,06073017049,San Diego,CA,2829,4.16,9236.9449,307.897764,2.66234,26583.6507,417371.361,,,,,,,,,,,,,,,,,,,,,,,,,,,,,,,,0
317,06073017050,San Diego,CA,2965,1.94,9236.9449,307.897764,2.66234,28834.22213,1758109.512,,,,,,,,,,,,,,,,,,,,,,,,,,,,,,,,0
318,06073017051,San Diego,CA,4643,0.97,9236.9449,307.897764,2.66234,31166.38888,26644889.48,,,,,,,,,,,,,,,,,,,,,,,,,,,,,,,,0
319,06073017052,San Diego,CA,4707,0.84,9236.9449,307.897764,2.66234,22846.26968,23632172.22,,,,,,,,,,,,,,,,,,,,,,,,,,,,,,,,0
320,06073017055,San Diego,CA,5680,0.8,9236.9449,307.897764,2.66234,21973.95075,22164018.69,,,,,,,,,,,,,,,,,,,,,,,,,,,,,,,,0
321,06073017056,San Diego,CA,4004,1.07,4770,159,1,32207.00752,29528524.01,184,186,161,161,161,161,161,183,185,161,161,161,161,161,183,186,161,161,159,161,161,184,186,161,161,161,161,161,179,251,234,1
322,06073021500,San Diego,CA,8958,4.86,6503,217,1,56627.22895,135518049.9,217,217,217,217,217,217,217,217,217,217,217,217,217,217,217,217,217,217,217,217,217,217,217,217,217,217,217,217,217,217,217,1
323,06073017015,San Diego,CA,7124,1.83,9236.9449,307.897764,2.66234,33412.61607,50921549.5,,,,,,,,,,,,,,,,,,,,,,,,,,,,,,,,0
324,06073017019,San Diego,CA,5990,2.41,9236.9449,307.897764,2.66234,53258.97578,66927213.12,,,,,,,,,,,,,,,,,,,,,,,,,,,,,,,,0
325,06073017030,San Diego,CA,20444,13.27,9236.9449,307.897764,2.66234,125628.1863,134592546.3,,,,,,,,,,,,,,,,,,,,,,,,,,,,,,,,0
326,06073017110,San Diego,CA,11553,17.98,9236.9449,307.897764,2.66234,22482.47113,8282359.663,,,,,,,,,,,,,,,,,,,,,,,,,,,,,,,,0
327,06073020401,San Diego,CA,2403,3.86,9236.9449,307.897764,2.66234,59450.58374,34841142.69,,,,,,,,,,,,,,,,,,,,,,,,,,,,,,,,0
328,06073020706,San Diego,CA,6341,6.44,9236.9449,307.897764,2.66234,33979.1053,5717197.878,,,,,,,,,,,,,,,,,,,,,,,,,,,,,,,,0
329,06073017010,San Diego,CA,3174,5.92,9236.9449,307.897764,2.66234,8584.706831,974015.4483,,,,,,,,,,,,,,,,,,,,,,,,,,,,,,,,0
330,06073017020,San Diego,CA,3719,11.18,9236.9449,307.897764,2.66234,28468.71084,1939447.601,,,,,,,,,,,,,,,,,,,,,,,,,,,,,,,,0
331,06073020709,San Diego,CA,8353,41.51,9236.9449,307.897764,2.66234,101848.4573,129397907.1,,,,,,,,,,,,,,,,,,,,,,,,,,,,,,,,0
332,06073020710,San Diego,CA,1745,9.88,9236.9449,307.897764,2.66234,117976.5241,207285321.5,,,,,,,,,,,,,,,,,,,,,,,,,,,,,,,,0
333,06073020801,San Diego,CA,5246,52.3,9236.9449,307.897764,2.66234,55735.69219,33803486.4,,,,,,,,,,,,,,,,,,,,,,,,,,,,,,,,0
334,06073020807,San Diego,CA,2800,36.85,9236.9449,307.897764,2.66234,11964.91048,3573538.686,,,,,,,,,,,,,,,,,,,,,,,,,,,,,,,,0